Date,Year,IBM,AAPL,MSFT,XRX,AMZN,DELL,GOOGL,ADBE,^GSPC,^IXIC
01/01/90,1990,10.970438,0.24251236,0.403759301,11.20208168,,,,1.379060984,329.0799866,415.7999878
01/02/90,1990,11.5544157,0.24251236,0.431040376,10.39472485,,,,1.779084444,331.8900146,425.7999878
05/02/90,1990,,,,,,,,,,
01/03/90,1990,11.95169353,0.288017243,0.483419746,11.39405823,,,,2.23488307,339.9400024,435.5
01/04/90,1990,12.27547646,0.281756431,0.506336272,10.13943005,,,,2.253144741,330.7999878,420.1000061
01/05/90,1990,13.51428413,0.295173317,0.637284756,9.704153061,,,,2.098516464,361.230011,459
04/05/90,1990,,,,,,,,,,
01/06/90,1990,13.38094807,0.321106702,0.663474739,9.749448776,,,,2.164785147,358.019989,462.2999878
01/07/90,1990,12.69765759,0.301373482,0.580540299,9.489465714,,,,2.069063902,356.1499939,438.2000122
01/08/90,1990,11.60156155,0.265495539,0.536890805,8.553519249,,,,1.475050807,322.5599976,381.2000122
06/08/90,1990,,,,,,,,,,
01/09/90,1990,12.25111961,0.20872052,0.549985468,7.255113125,,,,1.121038437,306.0499878,344.5
01/10/90,1990,12.15034294,0.221315786,0.556533456,6.248927116,,,,1.416249394,304,329.7999878
01/11/90,1990,13.0860939,0.264498889,0.630737364,7.361023426,,,,1.490012884,322.2200012,359.1000061
05/11/90,1990,,,,,,,,,,
01/12/90,1990,13.16106224,0.310516477,0.656927288,7.519896507,,,,1.718678474,330.2200012,373.7999878
01/01/91,1991,14.76250553,0.400782824,0.856624365,10.55441093,,,,2.242394209,343.9299927,414.2000122
01/02/91,1991,14.99545097,0.41342023,0.905730069,12.28641605,,,,2.840248346,367.0700073,453.1000061
04/02/91,1991,,,,,,,,,,
01/03/91,1991,13.39067268,0.492082238,0.926463246,12.51194,,,,3.186979532,375.2200012,482.2999878
01/04/91,1991,12.11187077,0.398007512,0.864262879,12.51194,,,,3.058987379,375.3399963,484.7200012
01/05/91,1991,12.47934151,0.340115815,0.958110392,12.73144817,,,,2.9850986,389.8299866,506.1099854
06/05/91,1991,,,,,,,,,,
01/06/91,1991,11.55595779,0.301083595,0.892089844,11.85341454,,,,2.556545258,371.1600037,475.9200134
01/07/91,1991,12.04675579,0.335544318,0.962474823,12.39787102,,,,3.167896748,387.8099976,502.0400085
01/08/91,1991,11.52622223,0.384515882,1.116339803,13.03722954,,,,3.012463331,395.4299927,525.6799927
06/08/91,1991,,,,,,,,,,
01/09/91,1991,12.4788332,0.359934062,1.165445447,13.74004745,,,,3.0346663,387.8599854,526.8800049
01/10/91,1991,11.83155346,0.374476761,1.229282856,14.41578484,,,,3.143136024,392.4500122,542.9799805
01/11/91,1991,11.13912487,0.369023561,1.273478746,13.96529007,,,,2.846613884,375.2200012,523.9000244
04/11/91,1991,,,,,,,,,,
01/12/91,1991,10.85111713,0.410910755,1.456806779,15.42939281,,,,3.884441137,417.0899963,586.3400269
01/01/92,1992,10.97303772,0.471955329,1.574661016,17.58486938,,,,3.639812469,408.7799988,620.210022
01/02/92,1992,10.59202671,0.491999954,1.617219329,18.0408802,,,,3.354784489,412.7000122,633.4699707
06/02/92,1992,,,,,,,,,,
01/03/92,1992,10.31735325,0.425371498,1.551745296,16.30234909,,,,3.043056011,403.6900024,603.7700195
01/04/92,1992,11.21316338,0.439063758,1.443712354,17.06258965,,,,2.631263494,414.9500122,578.6799927
01/05/92,1992,11.21316338,0.436325312,1.584482074,17.26399612,,,,2.705594063,415.3500061,585.3099976
07/05/92,1992,,,,,,,,,,
01/06/92,1992,12.25231647,0.350520581,1.37496388,16.0555172,,,,2.705594063,408.1400146,563.5999756
01/07/92,1992,11.86111546,0.342079848,1.428981185,17.38025665,,,,2.263554335,424.2099915,580.8300171
01/08/92,1992,10.84400749,0.336591303,1.463354707,17.52557182,,,,1.935933828,414.0299988,563.1199951
06/08/92,1992,,,,,,,,,,
01/09/92,1992,10.24382973,0.331076711,1.581208587,18.46435928,,,,1.675328493,417.7999878,583.2700195
01/10/92,1992,8.483662605,0.385185927,1.743258476,17.43692207,,,,2.127852678,418.6799927,605.1699829
01/11/92,1992,8.658098221,0.42187053,1.829193234,18.49371147,,,,2.030792475,431.3500061,652.7299805
05/11/92,1992,,,,,,,,,,
01/12/92,1992,6.505843639,0.439310849,1.676964998,18.78837967,,,,1.881468892,435.7099915,676.9500122
01/01/93,1993,6.651134491,0.437472969,1.699062943,20.32937813,,,,2.478761196,438.7799988,696.3400269
01/02/93,1993,7.022435188,0.389681518,1.63768065,19.61815262,,,,2.670894146,443.3800049,670.7700195
04/02/93,1993,,,,,,,,,,
01/03/93,1993,6.640553474,0.379478425,1.816917181,19.76631927,,,,2.573633909,451.6700134,690.1300049
01/04/93,1993,6.346868992,0.377636433,1.679420114,18.45181847,,,,3.434307337,440.1900024,661.4199829
01/05/93,1993,6.885295868,0.417242199,1.819371581,18.12286949,,,,3.959200859,450.1900024,700.5300293
06/05/93,1993,,,,,,,,,,
01/06/93,1993,6.516033649,0.291665286,1.728525758,19.29958344,,,,3.70425272,450.5299988,703.9500122
01/07/93,1993,5.872671604,0.204903975,1.453533411,17.63843918,,,,2.974237204,448.1300049,704.7000122
01/08/93,1993,6.037637234,0.195673808,1.475631356,17.75924683,,,,2.553639174,463.5599976,742.8400269
05/08/93,1993,,,,,,,,,,
01/09/93,1993,5.574150562,0.173358485,1.620492935,17.84954453,,,,2.193125486,458.9299927,762.7800293
01/10/93,1993,6.105024338,0.228055239,1.573842287,19.34462547,,,,2.613724232,467.8299866,779.2600098
01/11/93,1993,7.150176048,0.233617142,1.571387172,20.10743332,,,,2.786593437,461.7900085,754.3900146
04/11/93,1993,,,,,,,,,,
01/12/93,1993,7.535686016,0.217710063,1.583663464,22.01595688,,,,2.681154966,466.4500122,776.7999878
01/01/94,1994,7.535686016,0.24376072,1.672054648,24.17136192,,,,3.645165443,481.6099854,800.4699707
01/02/94,1994,7.052198887,0.271672219,1.620492935,23.89422989,,,,3.531084299,467.1400146,792.5
04/02/94,1994,,,,,,,,,,
01/03/94,1994,7.31842041,0.248371467,1.664688587,23.7061615,,,,2.927479744,445.769989,743.460022
01/04/94,1994,7.703606129,0.224094361,1.816917181,24.54394913,,,,3.235444069,450.9100037,733.8400269
01/05/94,1994,8.440468788,0.218492419,2.111552,24.94730759,,,,3.477348089,456.5,735.1900024
05/05/94,1994,,,,,,,,,,
01/06/94,1994,7.905290127,0.198731616,2.028071165,24.44464302,,,,3.295920372,444.269989,705.960022
01/07/94,1994,8.325791359,0.252632767,2.023160934,25.56996346,,,,3.756444216,458.2600098,722.1599731
01/08/94,1994,9.217235565,0.271381557,2.283422232,26.78907776,,,,3.847325563,475.4899902,765.6199951
04/08/94,1994,,,,,,,,,,
01/09/94,1994,9.405942917,0.253507912,2.204853296,26.88198471,,,,3.938208103,462.7099915,764.289978
01/10/94,1994,10.06452656,0.324998677,2.474935293,25.81173515,,,,4.368794918,472.3500061,777.4899902
01/11/94,1994,9.55792141,0.280316681,2.470024824,24.74147987,,,,4.00472641,453.6900024,750.3200073
04/11/94,1994,,,,,,,,,,
01/12/94,1994,9.963320732,0.294368684,2.401276112,25.12115479,,,,3.610324144,459.269989,751.960022
01/01/95,1995,9.776929855,0.304747313,2.332528591,27.75380898,,,,3.511722326,470.4200134,755.2000122
01/02/95,1995,10.2005415,0.298143327,2.474935293,28.13443947,,,,4.34546566,487.3900146,793.7299805
06/02/95,1995,,,,,,,,,,
01/03/95,1995,11.16990376,0.266795576,2.794122696,29.98991776,,,,6.016797066,500.7099915,817.210022
01/04/95,1995,12.87004375,0.289501876,3.211522818,31.52293587,,,,7.087426186,514.710022,843.9799805
01/05/95,1995,12.64902306,0.314573169,3.326920748,28.96788216,,,,6.3269701,533.4000244,864.5800171
04/05/95,1995,,,,,,,,,,
01/06/95,1995,13.0917902,0.352445304,3.550352812,30.15083122,,,,7.05700779,544.75,933.4500122
01/07/95,1995,14.84758663,0.341535062,3.555264235,30.69727707,,,,7.513277531,562.0599976,1001.210022
01/08/95,1995,14.09753132,0.326355875,3.633834362,31.08300018,,,,6.210629463,561.8800049,1020.109985
08/08/95,1995,,,,,,,,,,
01/09/95,1995,12.91688156,0.283486396,3.555264235,34.7671814,,,,6.301961899,584.4099731,1043.540039
01/10/95,1995,13.29276466,0.276352078,3.928469419,33.53819656,,,,6.94129324,581.5,1036.060059
01/11/95,1995,13.20734787,0.290145814,3.422677279,35.47869492,,,,8.243063927,605.3699951,1059.199951
08/11/95,1995,,,,,,,,,,
01/12/95,1995,12.52143669,0.24333632,3.447230816,35.68303299,,,,7.557409763,615.9299927,1052.130005
01/01/96,1996,14.86814308,0.210891888,3.633834362,32.19937134,,,,4.144385338,636.0200195,1059.790039
01/02/96,1996,16.80373764,0.209937692,3.876908779,33.92492294,,,,4.089058876,640.4299927,1100.050049
07/02/96,1996,,,,,,,,,,
01/03/96,1996,15.27826786,0.187512323,4.051232815,32.90036011,,,,3.93648386,645.5,1101.400024
01/04/96,1996,14.79759884,0.186080962,4.448990822,38.40559769,,,,5.248644829,654.1699829,1190.52002
01/05/96,1996,14.66026402,0.199440613,4.665056705,41.25652313,,,,4.538435459,669.1199951,1243.430054
08/05/96,1996,,,,,,,,,,
01/06/96,1996,13.64102936,0.160315856,4.719073296,42.07575226,,,,4.385625839,670.6300049,1185.02002
01/07/96,1996,14.81223392,0.167950332,4.630680561,39.83602142,,,,3.713264465,639.9500122,1080.589966
01/08/96,1996,15.75953293,0.185126752,4.812370777,43.39458847,,,,4.26929903,651.9899902,1141.5
07/08/96,1996,,,,,,,,,,
01/09/96,1996,17.20958328,0.169381618,5.180670261,42.40607834,,,,4.560038567,687.3300171,1226.920044
01/10/96,1996,17.83161354,0.175583899,5.391822815,36.86507034,,,,4.244296074,705.2700195,1221.51001
01/11/96,1996,22.03032875,0.184172586,6.16278553,38.95176315,,,,4.841867924,757.0200195,1292.609985
06/11/96,1996,,,,,,,,,,
01/12/96,1996,20.99819756,0.159361646,6.491794109,41.83340073,,,,4.581387997,740.7399902,1291.030029
01/01/97,1997,21.74318314,0.126917168,8.014075279,46.8797493,,,,4.64267683,786.1599731,1379.849976
01/02/97,,19.9240284,0.124053702,7.660515785,49.97840881,,,,4.479821205,790.8200073,1309
06/02/97,,,,,,,,,,,
01/03/97,,19.06798363,0.139321744,7.203826904,45.48035812,,,,4.924733639,757.1199951,1221.699951
01/04/97,,22.29808426,0.129779756,9.546177864,49.43133926,,,,4.807621956,801.3400269,1260.76001
01/05/97,,24.03470421,0.126917168,9.742606163,54.45485306,,,,5.483453751,848.2800293,1400.319946
07/05/97,,,,,,,,,,,
28/05/97,,,,,,,,,,,
01/06/97,,25.13742447,0.108785644,9.929201126,63.39670563,0.077082999,,,4.308428288,885.1400146,1442.069946
01/07/97,,29.4546566,0.133596525,11.10774612,66.42845917,0.119791999,,,4.592585564,954.3099976,1593.810059
01/08/97,,28.23609161,0.166041031,10.38588715,60.97687912,0.116926998,,,4.85173893,899.4699707,1587.319946
07/08/97,,,,,,,,,,,
01/09/97,,29.57911682,0.165563986,10.39571095,67.99326324,0.216927007,,,6.207145214,947.2800293,1685.689941
01/10/97,,27.48627281,0.130018294,10.21401882,64.32245636,0.254166991,,,5.889601707,914.6199951,1593.609985
01/11/97,,30.55580521,0.135504946,11.11756897,63.00460434,0.206249997,,,5.180382252,955.4000244,1600.550049
06/11/97,,,,,,,,,,,
01/12/97,,29.25237274,0.100197829,10.15508938,59.91267014,0.251042008,,,5.087874889,970.4299927,1570.349976
01/01/98,1998,27.60976982,0.139798865,11.72157001,65.4463501,0.245832995,,,4.750911236,980.2800293,1619.359985
01/02/98,1998,29.19993782,0.180355757,13.31750584,72.36756134,0.320832998,,,5.45275116,1049.339966,1770.51001
06/02/98,1998,,,,,,,,,,
01/03/98,1998,29.10112953,0.209937692,14.06391716,86.66805267,0.356379986,,,5.576151371,1101.75,1835.680054
01/04/98,1998,32.46300125,0.208983541,14.16212845,92.79229736,0.382292002,,,6.177727699,1111.75,1868.410034
01/05/98,1998,32.91825104,0.203257456,13.32732964,84.10579681,0.367188007,,,4.930263519,1090.819946,1778.869995
06/05/98,1998,,,,,,,,,,
01/06/98,1998,32.22550201,0.219002619,17.02991104,83.08383179,0.831250012,,,5.238887787,1133.839966,1894.73999
01/07/98,1998,37.19002914,0.264330596,17.27544403,86.60829926,0.923958004,,,3.988961935,1120.670044,1872.390015
01/08/98,1998,31.61152077,0.238088265,15.07549381,72.04536438,0.697916985,,,3.241923809,957.2800293,1499.25
06/08/98,1998,,,,,,,,,,
01/09/98,1998,36.12905502,0.291049749,17.29507637,69.53275299,0.930208027,,,4.283971786,1017.01001,1693.839966
01/10/98,1998,41.75224686,0.283415347,16.63706779,80.36154175,1.053645968,,,4.59221077,1098.670044,1771.390015
01/11/98,1998,46.42652512,0.24381344,19.17092896,88.54693604,1.600000024,,,5.535391331,1163.630005,1949.540039
06/11/98,1998,,,,,,,,,,
01/12/98,1998,51.91548538,0.312520057,21.79318047,97.19573975,2.677083015,,,5.782783031,1229.22998,2192.689941
01/01/99,1999,51.59874725,0.314429402,27.49927139,102.4712067,2.923438072,,,5.91291666,1279.640015,2505.889893
01/02/99,1999,47.79748154,0.265761852,23.5904541,91.21175385,3.203125,,,4.984185219,1238.329956,2288.030029
08/02/99,1999,,,,,,,,,,
01/03/99,1999,49.9755249,0.274350494,28.16712189,88.21611786,4.304687977,,,7.027392387,1286.369995,2461.399902
01/04/99,1999,58.98025894,0.351167798,25.55468941,97.44929504,4.301562786,,,7.85466671,1335.180054,2542.860107
01/05/99,1999,65.41220093,0.336376905,25.35825539,93.1988678,2.96875,,,9.187017441,1301.839966,2470.52002
06/05/99,1999,,,,,,,,,,
27/05/99,1999,,,,,,,,,,
01/06/99,1999,72.96644592,0.353553325,28.34391022,97.96764374,3.128124952,,,10.18240833,1372.709961,2686.120117
01/07/99,1999,70.95524597,0.425123423,26.96893311,81.35432434,2.501563072,,,10.63402367,1328.719971,2638.48999
01/08/99,1999,70.32015991,0.498124003,29.09030151,79.79384613,3.109375,,,12.35469151,1320.410034,2739.350098
06/08/99,1999,,,,,,,,,,
01/09/99,1999,68.3756485,0.48333317,28.46175194,69.80661774,3.996875048,,,14.07535458,1282.709961,2746.159912
01/10/99,1999,55.51985931,0.611681521,29.09030151,47.42917252,3.53125,,,17.35419464,1362.930054,2966.429932
01/11/99,1999,58.23934937,0.747186542,28.61397552,45.75767136,4.253125191,,,17.04402161,1388.910034,3336.159912
08/11/99,1999,,,,,,,,,,
01/12/99,1999,61.04003143,0.784879982,36.69190598,37.92245102,3.806250095,,,16.68732643,1469.25,4069.310059
01/01/00,2000,63.51556015,0.792036653,30.75990105,35.14961243,3.228125095,,,13.66824436,1394.459961,3940.350098
01/02/00,2000,58.14006042,0.875057817,28.08855057,36.62297058,3.443749905,,,25.31960106,1366.420044,4696.689941
08/02/00,2000,,,,,,,,,,
01/03/00,2000,67.05181885,1.036804795,33.3919754,43.77917862,3.349999905,,,27.63125801,1498.579956,4572.830078
01/04/00,2000,63.15762329,0.947104275,21.92085266,45.03520966,2.759375095,,,30.02784729,1452.430054,3860.659912
01/05/00,2000,60.78564072,0.641263425,19.6619854,46.09734726,2.415625095,,,27.9484024,1420.599976,3400.909912
08/05/00,2000,,,,,,,,,,
01/06/00,2000,62.13500214,0.799670875,25.14219475,35.52905655,1.815624952,,,32.27798462,1454.599976,3966.110107
01/07/00,2000,63.6591301,0.775814176,21.94049263,25.79067039,1.506250024,,,28.43518829,1430.829956,3766.98999
01/08/00,2000,74.86860657,0.930404902,21.94049263,27.82395363,2.075000048,,,32.28449631,1517.680054,4206.350098
08/08/00,2000,,,,,,,,,,
01/09/00,2000,63.9432869,0.393155307,18.95485497,25.98057556,1.921875,,,38.55513763,1436.51001,3672.820068
01/10/00,2000,55.92375183,0.298683375,21.64586258,14.61407185,1.831249952,,,37.78543091,1429.400024,3369.629883
01/11/00,2000,53.08496857,0.251925081,18.03167152,12.01601696,1.234375,,,31.48268318,1314.949951,2597.929932
08/11/00,2000,,,,,,,,,,
01/12/00,2000,48.32046127,0.227114201,13.63178158,8.067792892,0.778124988,,,28.90570068,1320.280029,2470.52002
01/01/01,2001,63.66932297,0.330174595,19.19056892,14.2516489,0.865625024,,,21.70255661,1366.01001,2772.72998
01/02/01,2001,56.79076767,0.278644383,18.54237175,10.53610229,0.509374976,,,14.44054985,1239.939941,2151.830078
07/02/01,2001,,,,,,,,,,
01/03/01,2001,54.73835754,0.336968601,17.18704605,10.53566742,0.511500001,,,17.37586594,1160.329956,1840.26001
01/04/01,2001,65.52893829,0.389186233,21.29229546,15.90023899,0.788999975,,,22.32872772,1249.459961,2116.23999
01/05/01,2001,63.62804413,0.30460003,21.74171448,17.4304657,0.834500015,,,19.76877975,1255.819946,2110.48999
08/05/01,2001,,,,,,,,,,
01/06/01,2001,64.67370605,0.354985476,22.94225121,16.83243752,0.707499981,,,23.36264801,1224.380005,2160.540039
01/07/01,2001,59.94994736,0.286889374,20.80202293,14.03582954,0.624499977,,,18.64079094,1211.22998,2027.130005
01/08/01,2001,56.9527626,0.283224702,17.929533,16.18165398,0.446999997,,,16.71157837,1133.579956,1805.430054
08/08/01,2001,,,,,,,,,,
01/09/01,2001,52.33213425,0.236809179,16.08157539,13.63128948,0.298500001,,,11.9233427,1040.939941,1498.800049
01/10/01,2001,61.66085815,0.268108875,18.27523804,12.31213474,0.349000007,,,13.13319588,1059.780029,1690.199951
01/11/01,2001,65.95150757,0.325212061,20.17975616,14.77455807,0.565999985,,,15.95882702,1139.449951,1930.579956
07/11/01,2001,,,,,,,,,,
01/12/01,2001,69.10060883,0.334372669,20.82087898,18.32748795,0.541000009,,,15.44642735,1148.079956,1950.400024
01/01/02,2002,61.63407898,0.377429634,20.02261925,19.92807007,0.709500015,,,16.77148628,1130.199951,1934.030029
01/02/02,2002,56.05279922,0.331319481,18.33494568,17.07868195,0.704999983,,,18.10523987,1106.72998,1731.48999
06/02/02,2002,,,,,,,,,,
01/03/02,2002,59.49020767,0.361398131,18.95407486,18.90791702,0.714999974,,,20.05113029,1147.390015,1845.349976
01/04/02,2002,47.91254044,0.370558769,16.42414474,15.56605339,0.834500015,,,19.89361191,1076.920044,1688.22998
01/05/02,2002,46.01911926,0.355748177,15.99986553,15.7771225,0.911499977,,,17.97196198,1067.140015,1615.72998
08/05/02,2002,,,,,,,,,,
01/06/02,2002,41.2664299,0.270552427,17.1909771,10.55325985,0.8125,,,14.18838978,989.8200073,1463.209961
01/07/02,2002,40.34942245,0.232992396,15.07903385,12.22419167,0.722500026,,,11.93378258,911.6199951,1328.26001
01/08/02,2002,43.2036972,0.225205734,15.42473507,12.32972145,0.746999979,,,10.01123047,916.0700073,1314.849976
07/08/02,2002,,,,,,,,,,
01/09/02,2002,33.49409485,0.221388996,13.7464962,8.706437111,0.796500027,,,9.513158798,815.2800293,1172.060059
01/10/02,2002,45.3442421,0.245359331,16.80442619,11.6789341,0.967999995,,,11.78220463,885.7600098,1329.75
01/11/02,2002,49.92806625,0.236657083,18.12752533,15.33740139,1.167500019,,,14.71778679,936.3099976,1478.780029
06/11/02,2002,,,,,,,,,,
01/12/02,2002,44.59901047,0.218793094,16.24814987,14.1589489,0.944500029,,,12.36034966,879.8200073,1335.51001
01/01/03,2003,45.00184631,0.219251394,14.91561222,15.56605339,1.092499971,,,13.16776085,855.7000122,1320.910034
01/02/03,2003,44.85797119,0.229175538,14.89675617,15.82988358,1.100499988,,,13.71251297,841.1500244,1337.52002
06/02/03,2003,,,,,,,,,,
01/03/03,2003,45.22197723,0.215892017,15.26625156,15.30222034,1.301499963,,,15.37297344,848.1799927,1341.170044
01/04/03,2003,48.95253372,0.217113838,16.1238308,17.34251785,1.434499979,,,17.22471046,916.9199829,1464.310059
01/05/03,2003,50.76301956,0.274064034,15.51848221,19.22452354,1.794499993,,,17.61879158,963.5900269,1595.910034
07/05/03,2003,,,,,,,,,,
01/06/03,2003,47.65584564,0.291011423,16.16796875,18.62650871,1.815999985,,,15.99757862,974.5,1622.800049
01/07/03,2003,46.93377304,0.321853518,16.65351486,18.99586105,2.082000017,,,16.33343124,990.3099976,1735.02002
01/08/03,2003,47.3727951,0.345213473,16.72288132,18.96068382,2.315999985,,,19.37755013,1008.01001,1810.449951
06/08/03,2003,,,,,,,,,,
01/09/03,2003,51.12596512,0.316356629,17.53001404,18.04607201,2.421499968,,,19.65700722,995.9699707,1786.939941
01/10/03,2003,51.79159927,0.349488556,16.48325539,18.46820259,2.72149992,,,21.8446312,1050.709961,1932.209961
01/11/03,2003,52.40512848,0.319257677,16.30305672,21.42311096,2.698499918,,,20.62161446,1058.199951,1960.26001
06/11/03,2003,,,,,,,,,,
01/12/03,2003,53.74093246,0.326280773,17.35569191,24.27248573,2.631000042,,,19.50841713,1111.920044,2003.369995
01/01/04,2004,57.53900146,0.344449937,17.53324127,25.74994659,2.519999981,,,19.11904716,1131.130005,2066.149902
01/02/04,2004,55.95598602,0.365214884,16.8230381,24.8705101,2.150500059,,,18.60096359,1144.939941,2029.819946
06/02/04,2004,,,,,,,,,,
01/03/04,2004,53.34019852,0.412851423,15.80844879,25.62683105,2.164000034,,,19.62464142,1126.209961,1994.219971
01/04/04,2004,51.20868301,0.393613428,16.56939125,23.6217041,2.180000067,,,20.72995186,1107.300049,1920.150024
01/05/04,2004,51.45262146,0.428424716,16.63280296,23.81518364,2.424999952,,,22.29343987,1120.680054,1986.73999
06/05/04,2004,,,,,,,,,,
01/06/04,2004,51.3008461,0.496826142,18.11028099,25.50370026,2.720000029,,,23.22753525,1140.839966,2047.790039
01/07/04,2004,50.67232513,0.493772745,18.06590271,24.37802315,1.94599998,,,21.07588196,1101.719971,1887.359985
01/08/04,2004,49.28722382,0.526599586,17.31130028,23.6217041,1.906999946,,,22.9196434,1104.23999,1838.099976
06/08/04,2004,,,,,,,,,,
01/09/04,2004,50.00397873,0.591641605,17.58496094,24.7649765,2.042999983,,64.86486816,24.71844101,1114.579956,1896.839966
01/10/04,2004,52.34260559,0.800052285,17.78847694,25.97859192,1.706500053,,95.4154129,28.00363731,1130.199951,1974.98999
01/11/04,2004,54.96117401,1.023731112,17.05073166,26.94597435,1.983999968,,91.08107758,30.26772118,1173.819946,2096.810059
08/11/04,2004,,,,,,,,,,
01/12/04,2004,57.60344696,0.983270824,18.93994331,29.91847992,2.21449995,,96.49149323,31.35727692,1211.920044,2175.439941
01/01/05,2005,54.58831024,1.17412281,18.6280632,27.9309597,2.161000013,,97.90790558,28.44441986,1181.27002,2062.409912
01/02/05,2005,54.09749222,1.369861007,17.83417511,27.43847275,1.758999944,,94.08908844,30.86894417,1203.599976,2051.719971
08/02/05,2005,,,,,,,,,,
01/03/05,2005,53.49815369,1.27244997,17.18527603,26.64696693,1.713500023,,90.34534454,33.5784111,1180.589966,1999.22998
01/04/05,2005,44.71644211,1.10114038,17.98873901,23.3051033,1.618000031,,110.1101074,29.73500061,1156.849976,1921.650024
01/05/05,2005,44.23051071,1.214125276,18.344244,23.86795235,1.775500059,,138.7737732,33.11999893,1191.5,2068.219971
06/05/05,2005,,,,,,,,,,
01/06/05,2005,43.55553818,1.124043345,17.7176857,24.25489998,1.654500008,,147.222229,28.61000061,1191.329956,2056.959961
01/07/05,2005,48.99118805,1.302375197,18.26690674,23.23475266,2.257499933,,144.0240173,29.63999939,1234.180054,2184.830078
01/08/05,2005,47.32409668,1.43184948,19.52940369,23.58652687,2.13499999,,143.1431427,27.04000092,1220.329956,2152.090088
08/08/05,2005,,,,,,,,,,
01/09/05,2005,47.2025528,1.637054324,18.40694237,24.00865936,2.265000105,,158.388382,29.85000038,1228.810059,2151.689941
01/10/05,2005,48.17930984,1.758588791,18.38547325,23.86795235,1.993000031,,186.2562561,32.25,1207.01001,2120.300049
01/11/05,2005,52.30997467,2.07097578,19.80194664,24.97605133,2.423000097,,202.6576538,32.61000061,1249.47998,2232.820068
08/11/05,2005,,,,,,,,,,
01/12/05,2005,48.48358536,2.195259333,18.76224518,25.76755142,2.357500076,,207.6376343,36.95999908,1248.290039,2205.320068
01/01/06,2006,47.95273209,2.305800438,20.19721794,25.16951752,2.240999937,,216.5465546,39.72999954,1280.079956,2305.820068
01/02/06,2006,47.32752228,2.09143424,19.27882957,26.20724678,1.871999979,,181.4914856,38.54999924,1280.660034,2281.389893
08/02/06,2006,,,,,,,,,,
01/03/06,2006,48.76497269,1.915240526,19.58893776,26.7349205,1.826500058,,195.1951904,34.95000076,1294.869995,2339.790039
01/04/06,2006,48.68809891,2.149454355,17.38598633,24.69462585,1.760499954,,209.179184,39.20000076,1310.609985,2322.570068
01/05/06,2006,47.24531937,1.825158596,16.30610847,24.14937592,1.730499983,,186.0960999,28.62999916,1270.089966,2178.879883
08/05/06,2006,,,,,,,,,,
01/06/06,2006,45.58832932,1.748816848,16.83946991,24.46596146,1.934000015,,209.8748779,30.36000061,1270.199951,2172.090088
01/07/06,2006,45.93845367,2.075251341,17.38873482,24.78256607,1.344499946,,193.4934998,28.51000023,1276.660034,2091.469971
01/08/06,2006,48.05109024,2.071891546,18.57400703,26.0489521,1.541499972,,189.4544525,32.43999863,1303.819946,2183.75
08/08/06,2006,,,,,,,,,,
01/09/06,2006,48.82068253,2.350689173,19.83928299,27.36810493,1.605999947,,201.1511536,37.45999908,1335.849976,2258.429932
01/10/06,2006,55.01115799,2.475886822,20.82581329,29.90088654,1.904500008,,238.4334259,38.25,1377.939941,2366.709961
01/11/06,2006,54.76688385,2.798962355,21.2973156,29.02144623,2.01699996,,242.647644,40.15999985,1400.630005,2431.77002
08/11/06,2006,,,,,,,,,,
01/12/06,2006,58.07079315,2.590703964,21.73406219,29.81295776,1.97300005,,230.4704742,41.11999893,1418.300049,2415.290039
01/01/07,2007,59.2663002,2.617882013,22.4619236,30.25267601,1.88349998,,251.0010071,38.86999893,1438.23999,2463.929932
01/02/07,2007,55.55428696,2.583681345,20.50397491,30.37578583,1.957000017,,224.9499512,39.25,1406.819946,2416.149902
07/02/07,2007,,,,,,,,,,
01/03/07,2007,56.51309586,2.837131739,20.35595131,29.70741463,1.989500046,,229.3093109,41.70000076,1420.859985,2421.639893
01/04/07,2007,61.27952576,3.047528744,21.86784363,32.53921509,3.066499949,,235.9259186,41.56000137,1482.369995,2525.090088
01/05/07,2007,63.91150665,3.700700045,22.41563988,33.189991,3.457000017,,249.2042084,44.06000137,1530.619995,2604.52002
08/05/07,2007,,,,,,,,,,
01/06/07,2007,63.3477478,3.726655245,21.59428596,32.50403976,3.42050004,,261.6116028,40.15000153,1503.349976,2603.22998
01/07/07,2007,66.59786987,4.023471355,21.24256897,30.70998764,3.927000046,,255.255249,40.29000092,1455.27002,2546.27002
01/08/07,2007,70.23324585,4.228675365,21.05205345,30.1295433,3.995500088,,257.8828735,42.75,1473.98999,2596.360107
08/08/07,2007,,,,,,,,,,
01/09/07,2007,71.15200043,4.686414719,21.66262817,30.49891472,4.65749979,,283.9189148,43.65999985,1526.75,2701.5
01/10/07,2007,70.13726807,5.800380707,27.06725693,30.67480278,4.457499981,,353.8538513,47.90000153,1549.380005,2859.120117
01/11/07,2007,63.52945709,5.564334393,24.70686913,29.68981934,4.527999878,,346.8468323,42.13999939,1481.140015,2660.959961
07/11/07,2007,,,,,,,,,,
01/12/07,2007,65.52474213,6.048642159,26.26405907,28.47620201,4.631999969,,346.0860901,42.72999954,1468.359985,2652.280029
01/01/08,2008,64.9246521,4.133399963,24.05080032,27.21040916,3.88499999,,282.4324341,34.93000031,1378.550049,2389.860107
01/02/08,2008,69.01613617,3.817654133,20.06693077,25.92307854,3.223500013,,235.8258209,33.65000153,1330.630005,2271.47998
06/02/08,2008,,,,,,,,,,
01/03/08,2008,70.05885315,4.381966591,21.01883316,26.39921188,3.565000057,,220.4554596,35.59000015,1322.699951,2279.100098
01/04/08,2008,73.44194031,5.311798573,21.12252045,24.70656776,3.931499958,,287.4324341,37.29000092,1385.589966,2412.800049
01/05/08,2008,78.7538681,5.763737202,20.97438812,24.01683426,4.080999851,,293.1932068,44.06000137,1400.380005,2522.659912
07/05/08,2008,,,,,,,,,,
01/06/08,2008,72.41636658,5.113008022,20.44949913,23.98145676,3.666500092,,263.4734802,39.38999939,1280,2292.97998
01/07/08,2008,78.189888,4.853753567,19.1189003,24.19791412,3.816999912,,237.1121063,41.34999847,1267.380005,2325.550049
01/08/08,2008,74.37141418,5.176827908,20.28595924,24.71237946,4.040500164,,231.8768768,42.83000183,1282.829956,2367.52002
06/08/08,2008,,,,,,,,,,
01/09/08,2008,71.73551178,3.470762014,19.91908073,20.45468712,3.638000011,,200.4604645,39.47000122,1166.359985,2091.879883
01/10/08,2008,57.02163315,3.285405636,16.6651535,14.27850628,2.861999989,,179.8598633,26.63999939,968.75,1720.949951
01/11/08,2008,50.04803467,2.829804182,15.09043121,12.4447298,2.13499999,,146.6266327,23.15999985,896.2399902,1535.569946
06/11/08,2008,,,,,,,,,,
01/12/08,2008,51.90673828,2.606277466,14.60659504,14.1894846,2.563999891,,153.9789734,21.29000092,903.25,1577.030029
01/01/09,2009,56.52627945,2.752242565,12.84839821,11.88816547,2.940999985,,169.434433,19.30999947,825.8800049,1476.420044
01/02/09,2009,56.76066589,2.727201939,12.13459587,9.274202347,3.239500046,,169.1641693,16.70000076,735.0900269,1377.839966
06/02/09,2009,,,,,,,,,,
01/03/09,2009,60.08320999,3.209982395,13.89727974,8.146258354,3.671999931,,174.2042084,21.38999939,797.8699951,1528.589966
01/04/09,2009,64.00231171,3.842389345,15.32709026,11.02857113,4.026000023,,198.1831818,27.35000038,872.8099976,1717.300049
01/05/09,2009,65.90607452,4.14714098,15.80370426,12.27401924,3.899499893,,208.823822,28.18000031,919.1400146,1774.329956
06/05/09,2009,,,,,,,,,,
01/06/09,2009,65.09091187,4.349293232,18.09667969,11.69642448,4.183000088,,211.006012,28.29999924,919.3200073,1835.040039
01/07/09,2009,73.5124588,4.989336014,17.906353,14.8791914,4.288000107,,221.7467499,32.41999817,987.4799805,1978.5
01/08/09,2009,73.58724976,5.136520386,18.76664543,15.71489811,4.059500217,,231.0660706,31.42000008,1020.619995,2009.060059
06/08/09,2009,,,,,,,,,,
01/09/09,2009,74.90744019,5.659914017,19.6913662,14.06164742,4.668000221,,248.173172,33.04000092,1057.079956,2122.419922
01/10/09,2009,75.53370667,5.756102562,21.23022842,13.7274065,5.940499783,,268.3283386,32.93999863,1036.189941,2045.109985
01/11/09,2009,79.128479,6.104524136,22.51645279,14.0559864,6.795499802,,291.7917786,35.08000183,1095.630005,2144.600098
06/11/09,2009,,,,,,,,,,
01/12/09,2009,82.34589386,6.434925556,23.438797,15.44332981,6.725999832,,310.300293,36.77999878,1115.099976,2269.149902
01/01/10,2010,76.99246216,5.864812374,21.67012024,15.99907589,6.270500183,,265.2352295,32.29999924,1073.869995,2147.350098
01/02/10,2010,79.99315643,6.248349667,22.04693031,17.19167137,5.920000076,,263.6636658,34.65000153,1104.48999,2238.26001
08/02/10,2010,,,,,,,,,,
01/03/10,2010,81.03967285,7.176041126,22.62902641,17.88887596,6.788499832,,283.8438416,35.36999893,1169.430054,2397.959961
01/04/10,2010,81.51359558,7.97274065,23.59475899,20.08789635,6.855000019,,263.1130981,33.59999847,1186.689941,2461.189941
01/05/10,2010,79.15036774,7.844177246,19.93270683,17.15763855,6.272999763,,243.0580597,32.08000183,1089.410034,2257.040039
06/05/10,2010,,,,,,,,,,
01/06/10,2010,78.42550659,7.680809021,17.85741234,14.81712914,5.462999821,,222.6976929,26.43000031,1030.709961,2109.23999
01/07/10,2010,81.55033875,7.855478764,20.03040886,18.03885078,5.894499779,,242.6676636,28.71999931,1101.599976,2254.699951
01/08/10,2010,78.20323944,7.42338562,18.21440125,15.64971924,6.241499901,,225.2352295,27.70000076,1049.329956,2114.030029
06/08/10,2010,,,,,,,,,,
01/09/10,2010,85.61814117,8.664690971,19.10737419,19.16858864,7.853000164,,263.1581726,26.14999962,1141.199951,2368.620117
01/10/10,2010,91.65619659,9.190831184,20.80824471,21.75794983,8.261500359,,307.1571655,28.14999962,1183.26001,2507.409912
01/11/10,2010,90.2902832,9.50138855,19.70814323,21.31163406,8.770000458,,278.1331482,27.79999924,1180.550049,2498.22998
08/11/10,2010,,,,,,,,,,
01/12/10,2010,94.08943176,9.849805832,21.90949631,21.42320633,9,,297.2822876,30.78000069,1257.640015,2652.870117
01/01/11,2011,103.8599854,10.36159706,21.76820183,19.82313156,8.482000351,,300.4804688,33.04999924,1286.119995,2700.080078
01/02/11,2011,103.78302,10.78574562,20.86545372,20.06579208,8.664500237,,307.007019,34.5,1327.219971,2782.27002
08/02/11,2011,,,,,,,,,,
01/03/11,2011,104.9598465,10.64222527,20.04909325,19.8791275,9.006500244,,293.6736755,33.15999985,1325.829956,2781.070068
01/04/11,2011,109.7936859,10.69169331,20.4676075,18.91026688,9.790499687,,272.3223267,33.54999924,1363.609985,2873.540039
01/05/11,2011,108.7316513,10.62146187,19.74902916,19.13516808,9.834500313,,264.7747803,34.63000107,1345.199951,2835.300049
06/05/11,2011,,,,,,,,,,
01/06/11,2011,110.9117966,10.25013542,20.66534805,19.51000023,10.2244997,,253.4434357,31.45000076,1320.640015,2773.52002
01/07/11,2011,117.5710449,11.9238348,21.77809525,17.56210518,11.1260004,,302.1471558,27.70999908,1292.280029,2756.379883
01/08/11,2011,111.1445465,11.75130844,21.14224434,15.62331295,10.76150036,,270.7507629,25.23999977,1218.890015,2579.459961
08/08/11,2011,,,,,,,,,,
01/09/11,2011,113.5506134,11.64412498,19.90796661,13.11981583,10.8114996,,257.777771,24.17000008,1131.420044,2415.399902
01/10/11,2011,119.8881912,12.36050415,21.29968071,15.48539352,10.67549992,,296.6166077,29.40999985,1253.300049,2684.409912
01/11/11,2011,122.0764542,11.67099476,20.4598484,15.42860222,9.614500046,,299.9949951,27.42000008,1246.959961,2620.340088
08/11/11,2011,,,,,,,,,,
01/12/11,2011,119.8811722,12.36722565,20.92014503,15.06891441,8.654999733,,323.2732849,28.27000046,1257.599976,2605.149902
01/01/12,2012,125.5662308,13.93923473,23.79706383,14.74909115,9.722000122,,290.3453369,30.95000076,1312.410034,2813.840088
01/02/12,2012,128.2587585,16.56413651,25.57801628,15.6625824,8.984499931,,309.4344482,32.88999939,1365.680054,2966.889893
08/02/12,2012,,,,,,,,,,
01/03/12,2012,136.5597382,18.30807495,26.16820717,15.37711716,10.12549973,,320.9409485,34.31000137,1408.469971,3091.570068
01/04/12,2012,135.5322113,17.83262062,25.97353172,14.88264751,11.59500027,,302.7277222,33.54999924,1397.910034,3046.360107
01/05/12,2012,126.251503,17.64176369,23.67792892,13.81139469,10.64550018,,290.7207336,31.04999924,1310.329956,2827.340088
08/05/12,2012,,,,,,,,,,
01/06/12,2012,128.5418243,17.83323097,24.9763813,15.05480862,11.41749954,,290.3253174,32.36999893,1362.160034,2935.050049
01/07/12,2012,128.8046722,18.65038109,24.06191635,13.33217812,11.66499996,,316.8017883,30.87999916,1379.319946,2939.52002
01/08/12,2012,128.0619965,20.31400871,25.16418457,14.17866993,12.41349983,,342.8878784,31.27000046,1406.579956,3066.959961
08/08/12,2012,,,,,,,,,,
01/09/12,2012,136.9253235,20.45826912,24.45966721,14.12094975,12.7159996,,377.6276245,32.43999863,1440.670044,3116.22998
01/10/12,2012,128.3975677,18.25694847,23.45695877,12.46271038,11.64449978,,340.4904785,34.02999878,1412.160034,2977.22998
01/11/12,2012,125.4538193,17.949049,21.87891006,13.17873669,12.60249996,,349.5345459,34.61000061,1416.180054,3010.23999
07/11/12,2012,,,,,,,,,,
01/12/12,2012,126.9839478,16.39484406,22.13326645,13.19808578,12.54349995,,354.0440369,37.68000031,1426.189941,3019.51001
01/01/13,2013,134.6208954,14.03252125,22.74647522,15.59818554,13.27499962,,378.2232361,37.83000183,1498.109985,3142.129883
01/02/13,2013,133.1359406,13.59844589,23.03650093,15.79291821,13.21350002,,401.0010071,39.31000137,1514.680054,3160.189941
06/02/13,2013,,,,,,,,,,
01/03/13,2013,141.9978638,13.71673965,23.90399551,16.74711037,13.32450008,,397.4924927,43.52000046,1569.189941,3267.52002
01/04/13,2013,134.8347626,13.72045708,27.65544701,16.82282448,12.69050026,,412.6976929,45.08000183,1597.569946,3328.790039
01/05/13,2013,138.4828491,13.93582344,29.15936852,17.23456764,13.46000004,,436.046051,42.90999985,1630.73999,3455.909912
08/05/13,2013,,,,,,,,,,
01/06/13,2013,127.8219147,12.36863804,29.06094933,17.78356743,13.88449955,,440.6256409,45.56000137,1606.280029,3403.25
01/07/13,2013,130.4504089,14.11540127,26.7892437,19.14258766,15.06099987,,444.3193054,47.27999878,1685.72998,3626.370117
01/08/13,2013,121.9093857,15.19745922,28.10177422,19.695158,14.04899979,,423.8738708,45.75,1632.969971,3589.870117
07/08/13,2013,,,,,,,,,,
01/09/13,2013,124.4747849,14.96906567,28.19812775,20.30693436,15.63199997,,438.3934021,51.93999863,1681.550049,3771.47998
01/10/13,2013,120.4619217,16.41180992,30.00287056,19.72601891,18.20149994,,515.8057861,54.22000122,1756.540039,3919.709961
01/11/13,2013,120.7777863,17.45956802,32.30753708,22.58371353,19.68099976,,530.3253174,56.77999878,1805.810059,4059.889893
06/11/13,2013,,,,,,,,,,
01/12/13,2013,126.7584229,17.71782684,31.93785667,24.151474,19.93950081,,560.9158936,59.88000107,1848.359985,4176.589844
01/01/14,2014,119.3990631,15.80967903,32.30496979,21.63452339,17.93449974,,591.0760498,59.18999863,1782.589966,4103.879883
01/02/14,2014,125.1365509,16.61942482,32.70622635,21.91367722,18.10499954,,608.4334106,68.62999725,1859.449951,4308.120117
06/02/14,2014,,,,,,,,,,
01/03/14,2014,130.7964478,17.05249977,35.25661469,22.53180695,16.81850052,,557.8128052,65.73999786,1872.339966,4198.990234
01/04/14,2014,133.5009155,18.7474556,34.74913406,24.24653816,15.20650005,,534.8800049,61.68999863,1883.949951,4114.560059
01/05/14,2014,125.2721558,20.1107254,35.21359634,24.76796913,15.62749958,,571.6500244,64.54000092,1923.569946,4242.620117
07/05/14,2014,,,,,,,,,,
01/06/14,2014,123.8896332,20.78246117,36.120327,24.94846535,16.23900032,,584.6699829,72.36000061,1960.22998,4408.180176
01/07/14,2014,130.9976196,21.37957001,37.38497543,26.72607422,15.64949989,,579.5499878,69.25,1930.670044,4369.77002
01/08/14,2014,131.4281464,22.92265129,39.35124207,27.8346405,16.95199966,,582.3599854,71.90000153,2003.369995,4580.27002
06/08/14,2014,,,,,,,,,,
01/09/14,2014,130.5072937,22.64336014,40.40761948,26.66560936,16.12199974,,588.4099731,69.19000244,1972.290039,4493.390137
01/10/14,2014,113.0242691,24.27278709,40.92185974,26.89417267,15.27299976,,567.8699951,70.12000275,2018.050049,4630.740234
01/11/14,2014,111.4911728,26.72928429,41.67144012,28.27128029,16.93199921,,549.0800171,73.68000031,2067.560059,4791.629883
06/11/14,2014,,,,,,,,,,
01/12/14,2014,111.0567245,24.91525078,40.74142075,28.06876945,15.51749992,,530.6599731,72.69999695,2058.899902,4736.049805
01/01/15,2015,106.1213226,26.44566154,35.43494034,26.79075813,17.72649956,,537.5499878,70.12999725,1994.98999,4635.240234
01/02/15,2015,112.0950546,28.99632263,38.46093369,27.76719475,19.00799942,,562.6300049,79.09999847,2104.5,4963.529785
06/02/15,2015,,,,,,,,,,
01/03/15,2015,111.877594,28.19750977,35.91679001,26.13981628,18.60499954,,554.7000122,73.94000244,2067.889893,4900.879883
01/04/15,2015,119.3988266,28.36066818,42.96587372,23.5215416,21.0890007,,548.7700195,76.05999756,2085.51001,4941.419922
01/05/15,2015,118.2556305,29.52319527,41.39352036,23.35791588,21.46150017,,545.3200073,79.08999634,2107.389893,5070.029785
06/05/15,2015,,,,,,,,,,
01/06/15,2015,114.2413025,28.54285049,39.25310898,21.76254272,21.7045002,,540.039978,81.01000214,2063.110107,4986.870117
01/07/15,2015,113.7707214,27.60302734,41.52028656,22.68399239,26.80750084,,657.5,81.98999786,2103.840088,5128.279785
01/08/15,2015,103.8678436,25.65966797,38.69298935,20.93431854,25.64450073,,647.8200073,78.56999969,1972.180054,4776.509766
06/08/15,2015,,,,,,,,,,
01/09/15,2015,102.6622696,25.21348,39.61040497,20.02860832,25.59449959,,638.3699951,82.22000122,1920.030029,4620.160156
01/10/15,2015,99.19936371,27.31651497,47.11008072,19.46390152,31.29500008,,737.3900146,88.66000366,2079.360107,5053.75
01/11/15,2015,98.73195648,27.04220009,48.64043045,21.86839294,33.24000168,,762.8499756,91.45999908,2080.409912,5108.669922
06/11/15,2015,,,,,,,,,,
01/12/15,2015,98.3714447,24.16438103,49.98638916,22.03421974,33.79449844,,778.0100098,93.94000244,2043.939941,5007.410156
01/01/16,2016,89.20050812,22.34619713,49.6350174,20.34383965,29.35000038,,761.3499756,89.12999725,1940.23999,4613.950195
01/02/16,2016,93.66086578,22.19698524,45.84188843,20.05171967,27.62599945,,717.2199707,85.15000153,1932.22998,4557.950195
08/02/16,2016,,,,,,,,,,
01/03/16,2016,109.3629761,25.15644073,50.11842728,23.28587151,29.68199921,,762.9000244,93.80000305,2059.73999,4869.850098
01/04/16,2016,105.3841553,21.6365242,45.25450134,20.1783638,32.97949982,,707.8800049,94.22000122,2065.300049,4775.359863
01/05/16,2016,111.0166321,23.04911041,48.09482574,20.95607948,36.13949966,,748.8499756,99.47000122,2096.949951,4948.049805
06/05/16,2016,,,,,,,,,,
01/06/16,2016,110.658989,22.20018196,46.75897217,19.94715309,35.78099823,,703.5300293,95.79000092,2098.860107,4842.669922
01/07/16,2016,117.1040192,24.19960022,51.79398727,21.83982849,37.94049835,,791.3400269,97.86000061,2173.600098,5162.129883
01/08/16,2016,115.8354111,24.63849068,52.50675201,20.88565826,38.45800018,,789.8499756,102.3099976,2170.949951,5213.220215
08/08/16,2016,,,,,,,,,,
01/09/16,2016,116.8138123,26.39462852,52.96271896,21.4793663,41.8655014,13.32145023,804.0599976,108.5400009,2168.27002,5312
01/10/16,2016,113.0192871,26.5090332,55.09594727,20.87839508,39.49100113,13.68096161,809.9000244,107.5100021,2126.149902,5189.140137
01/11/16,2016,119.2920074,25.803936,55.40858841,19.98085976,37.5284996,14.92671204,775.8800049,102.8099976,2198.810059,5323.680176
08/11/16,2016,,,,,,,,,,
01/12/16,2016,123.17173,27.18019867,57.52321243,18.65592957,37.49349976,15.31966782,792.4500122,102.9499969,2238.830078,5383.120117
01/01/17,2017,129.5013428,28.47795868,59.84672928,22.67072487,41.17399979,17.55477142,820.1900024,113.3799973,2278.870117,5614.790039
01/02/17,2017,133.4341736,32.14829254,59.22650909,24.3391304,42.2519989,17.6941185,844.9299927,118.3399963,2363.639893,5825.439941
08/02/17,2017,,,,,,,,,,
01/03/17,2017,130.2411194,33.85976028,61.33644485,24.0119915,44.32699966,17.8585453,847.7999878,130.1300049,2362.719971,5911.740234
01/04/17,2017,119.8825378,33.85739517,63.75787354,23.72492027,46.24950027,18.70298195,924.5200195,133.7400055,2384.199951,6047.609863
01/05/17,2017,114.1535416,36.00456238,65.04309082,23.3289566,49.73099899,19.33839798,987.0900269,141.8600006,2411.800049,6198.52002
08/05/17,2017,,,,,,,,,,
01/06/17,2017,116.174942,34.0847168,64.56354523,23.70017242,48.40000153,17.03083229,929.6799927,141.4400024,2423.409912,6140.419922
01/07/17,2017,109.2571487,35.19940948,68.09472656,25.52069473,49.38899994,17.91149712,945.5,146.4900055,2470.300049,6348.120117
01/08/17,2017,108.0186081,38.8133049,70.03360748,26.85206223,49.02999878,20.88234711,955.2399902,155.1600037,2471.649902,6428.660156
08/08/17,2017,,,,,,,,,,
01/09/17,2017,110.7244186,36.61828613,70.14307404,27.70080757,48.06750107,21.51776314,973.7199707,149.1799927,2519.360107,6495.959961
01/10/17,2017,117.5779266,40.16321182,78.32596588,25.40823364,55.26399994,23.06728935,1033.040039,175.1600037,2575.26001,6727.669922
01/11/17,2017,117.5092392,40.83085632,79.2582016,24.86334991,58.83750153,21.8048172,1036.170044,181.4700012,2647.580078,6873.970215
09/11/17,2017,,,,,,,,,,
01/12/17,2017,118.2598114,40.35289383,80.95279694,24.43583107,58.4734993,22.65203857,1053.400024,175.2400055,2673.610107,6903.390137
01/01/18,2018,126.1839066,39.92369461,89.91493225,28.85515976,72.54450226,19.98217392,1182.219971,199.7599945,2823.810059,7411.47998
01/02/18,2018,120.1175156,42.47271347,88.74141693,25.63400459,75.62249756,20.70398521,1103.920044,209.1300049,2713.830078,7273.009766
08/02/18,2018,,,,,,,,,,
01/03/18,2018,119.4319763,40.1702652,86.78122711,24.33201027,72.36699677,20.40299797,1037.140015,216.0800018,2640.870117,7063.450195
01/04/18,2018,112.8388062,39.56691742,88.92057037,26.82056999,78.3065033,20.00168228,1018.580017,221.6000061,2648.050049,7066.27002
01/05/18,2018,109.9976044,44.74083328,93.97891998,23.17910957,81.48100281,22.47924995,1100,249.2799988,2705.27002,7442.120117
09/05/18,2018,,,,,,,,,,
01/06/18,2018,109.9515305,44.490345,94.16664124,20.46720886,84.98999786,23.57172012,1129.189941,243.8099976,2718.370117,7510.299805
01/07/18,2018,114.0678177,45.7353363,101.3000412,22.37545013,88.87200165,25.78452873,1227.219971,244.6799927,2816.290039,7671.790039
01/08/18,2018,115.2877197,54.70984268,107.2684097,24.00385284,100.635498,26.80175209,1231.800049,263.5100098,2901.52002,8109.540039
09/08/18,2018,,,,,,,,,,
01/09/18,2018,120.2962646,54.44586563,109.6367874,23.24565315,100.1500015,27.06650925,1207.079956,269.9500122,2913.97998,8046.350098
01/10/18,2018,91.83122253,52.78649139,102.3896637,24.23604774,79.90049744,25.19091606,1090.579956,245.7599945,2711.73999,7305.899902
01/11/18,2018,98.86396027,43.07142639,106.3008041,23.40991783,84.50849915,29.39637184,1109.650024,250.8899994,2760.169922,7330.540039
08/11/18,2018,,,,,,,,,,
01/12/18,2018,91.58279419,38.17780685,97.78714752,17.18350601,75.09850311,24.59708595,1044.959961,226.2400055,2506.850098,6635.279785
01/01/19,2018,108.3008652,40.28346252,100.5406265,24.8473568,85.93650055,24.45615959,1125.890015,247.8200073,2704.100098,7281.740234
01/02/19,2019,111.2899704,41.90748596,107.8575897,27.21670723,81.99150085,28.09513664,1126.550049,262.5,2784.48999,7532.529785
07/02/19,2019,,,,,,,,,,
01/03/19,2019,115.0074081,46.17075729,114.0324097,28.16797256,89.03749847,29.53965569,1176.890015,266.4899902,2834.399902,7729.319824
01/04/19,2019,114.3309021,48.77644348,126.2729645,29.61660385,96.3259964,33.92857742,1198.959961,289.25,2945.830078,8095.390137
01/05/19,2019,103.5066833,42.5539093,119.582222,27.17518806,88.75350189,29.97250938,1106.5,270.8999939,2752.060059,7453.149902
09/05/19,2019,,,,,,,,,,
01/06/19,2019,113.7343369,48.29327011,130.0010834,31.43656349,94.6815033,25.56848907,1082.800049,294.6499939,2941.76001,8006.240234
01/07/19,2019,122.2623138,51.98261261,132.2428131,28.7012558,93.33899689,29.06150627,1218.199951,298.8599854,2980.379883,8175.419922
01/08/19,2019,111.7796402,50.9333992,133.7857971,25.92054558,88.8144989,25.93590736,1190.530029,284.5100098,2926.459961,7962.879883
08/08/19,2019,,,,,,,,,,
01/09/19,2019,121.349678,54.8572197,135.3705139,26.74313164,86.79550171,26.1020031,1221.140015,276.25,2976.73999,7999.339844
01/10/19,2019,111.594635,60.92905426,139.5962524,30.58913803,88.83300018,26.62041855,1258.800049,277.9299927,3037.560059,8292.360352
01/11/19,2019,112.1954727,65.45783997,147.3954468,35.09682083,90.04000092,24.40582848,1304.089966,309.5299988,3140.97998,8665.469727
07/11/19,2019,,,,,,,,,,
01/12/19,2019,113.1744308,72.13994598,154.0715485,33.23965073,92.39199829,25.86544418,1339.390015,329.8099976,3230.780029,8972.599609
01/01/20,2020,121.3560181,76.03622437,166.3132629,32.28398132,100.435997,24.54675484,1432.780029,351.1400146,3225.52002,9150.94043
01/02/20,2020,109.8899765,67.15537262,158.2824097,29.22530556,94.1875,20.36419296,1339.25,345.1199951,2954.219971,8567.370117
07/02/20,2020,,,,,,,,,,
01/03/20,2020,94.63991547,62.61878204,154.5021973,17.19028854,97.48600006,19.90617561,1161.949951,318.2399902,2584.590088,7700.100098
01/04/20,2020,107.1215057,72.3480835,175.5648956,16.60033607,123.6999969,21.48658943,1346.699951,353.6400146,2912.429932,8889.549805
01/05/20,2020,106.5584183,78.29256439,179.5227203,14.41297817,122.1184998,24.98464012,1433.52002,386.6000061,3044.310059,9489.870117
07/05/20,2020,,,,,,,,,,
01/06/20,2020,104.4167404,90.07497406,199.9258881,13.87748146,137.9409943,27.65221977,1418.050049,435.3099976,3100.290039,10058.76953
01/07/20,2020,106.2929001,104.9491959,201.3994598,15.36693764,158.2339935,30.11343765,1487.949951,444.3200073,3271.120117,10745.26953
01/08/20,2020,106.6128006,127.4481964,221.558075,17.40663528,172.5480042,33.25917053,1629.530029,513.3900146,3500.310059,11775.45996
07/08/20,2020,,,,,,,,,,
01/09/20,2020,106.5722275,114.5876236,207.1252747,17.32357025,157.4364929,34.0695076,1465.599976,490.4299927,3363,11167.50977
01/10/20,2020,97.80435181,107.7109909,199.3850403,16.25945854,151.8074951,30.32986259,1616.109985,447.1000061,3269.959961,10911.58984
01/11/20,2020,108.1926651,117.7934418,210.8082733,20.47868729,158.4019928,34.74394989,1754.400024,478.4700012,3621.629883,12198.74023
09/11/20,2020,,,,,,,,,,
01/12/20,2020,111.8586502,131.515976,219.6044769,21.69487,162.8464966,36.8880806,1752.640015,500.1199951,3756.070068,12888.28027
01/01/21,2021,105.8427277,130.7924347,229.0237274,19.89119148,160.3099976,36.68675613,1827.359985,458.769989,3714.23999,13070.69043
01/02/21,2021,105.6827774,120.1871033,229.4384003,24.10021591,154.6464996,40.8038826,2021.910034,459.6700134,3811.149902,13192.34961
09/02/21,2021,,,,,,,,,,
01/03/21,2021,119.9990005,121.2501373,233.32164,22.95573997,154.7039948,44.36736679,2062.52002,475.3699951,3972.889893,13246.87012
01/04/21,2021,127.7612152,130.4915619,249.5612183,23.07062149,173.3710022,49.49113083,2353.5,508.3399963,4181.169922,13962.67969
01/05/21,2021,129.4361115,123.6920166,247.0871887,22.41118813,161.1535034,49.64715576,2356.850098,504.5799866,4204.109863,13748.74023
07/05/21,2021,,,,,,,,,,
01/06/21,2021,133.4773865,136.1819611,268.7058716,22.44941521,172.0079956,50.16557312,2441.790039,585.6400146,4297.5,14503.9502
01/07/21,2021,128.3510132,145.0313873,282.6023865,23.30556107,166.3795013,48.63045883,2694.530029,621.6300049,4395.259766,14672.67969
01/08/21,2021,127.7864609,150.9674988,299.4349365,21.74091148,173.539505,49.05324554,2893.949951,663.7000122,4522.680176,15259.24023
09/08/21,2021,,,,,,,,,,
01/09/21,2021,127.9589996,140.9069824,280.1719666,19.48086166,164.2519989,52.36507034,2673.52002,575.7199707,4307.540039,14448.58008
01/10/21,2021,115.2211151,149.1721954,329.5637817,17.39797211,168.6215057,55.35980225,2960.919922,650.3599854,4605.379883,15498.38965
01/11/21,2021,112.8140869,164.6072388,328.5401611,18.00396919,175.3535004,56.07718658,2837.949951,669.8499756,4567,15537.69043
04/11/21,2021,,,,,,,,,,
09/11/21,2021,,,,,,,,,,
01/12/21,2021,130.4862976,177.0838776,334.8461609,22.12865639,166.7169952,55.77927017,2897.040039,567.0599976,4766.180176,15644.96973
01/01/22,2022,130.3984375,174.3014984,309.6171875,20.85651779,149.5735016,56.41482162,2706.070068,534.2999878,4515.549805,14239.87988
01/02/22,2022,119.6010437,164.6679535,297.4805908,19.47332764,153.5630035,50.60551453,2701.139893,467.6799927,4373.939941,13751.40039
10/02/22,2022,,,,,,,,,,
01/03/22,2022,128.4616852,174.3538361,307.5935669,19.92780495,162.9974976,49.8408699,2781.350098,455.6199951,4530.410156,14220.51953
01/04/22,2022,130.6254425,157.4187012,276.8751221,17.39999962,124.2815018,46.68299103,2282.189941,395.9500122,4131.930176,12334.63965
01/05/22,2022,137.1759796,148.6216278,271.2382507,18.81999969,120.2095032,49.93999863,2275.23999,416.480011,4132.149902,12081.38965
09/05/22,2022,,,,,,,,,,
01/06/22,2022,141.8600006,137.4400024,256.480011,15.81999969,107.4000015,48.93999863,2240.149902,365.6300049,3821.550049,11181.54004
28/06/22,2022,141.8600006,137.4400024,256.480011,15.81999969,107.4000015,48.93999863,2240.149902,365.6300049,3821.550049,11181.54004